{
    "adb": {
        "adb_path": "C:/Program Files/Netease/MuMuPlayer-12.0/nx_main/adb.exe",
        "address": "127.0.0.1:16576",
        "config": {
            "extras": {
                "mumu": {
                    "enable": true,
                    "index": 6,
                    "path": "C:/Program Files/Netease/MuMuPlayer-12.0"
                }
            }
        }
    },
    "controller": {
        "name": "安卓端"
    },
    "gpu": -1,
    "resource": "官服",
    "task": [
        {
            "name": "所有国度采集",
            "option": [
            ]
        }
    ],
    "win32": {
        "_placeholder": 0
    }
}