{
    "controller": [
        {
            "name": "安卓端",
            "type": "Adb"
        }
    ],
    "resource": [
        {
            "name": "官服",
            "path": [
                "{PROJECT_DIR}/resource"
            ]
        }
    ],
    "agent": {
        "child_exec": "python",
        "child_args": [
            "{PROJECT_DIR}/../agent/main.py"
        ]
    },
    "task": [
        {
            "name": "所有国度采集",
            "entry": "MapSearch_Run_All"
        },
        {
            "name": "当前国度采集",
            "entry": "MapSearch_Start"
        }
    ],
    "version": "v0.0.1"
}